{
	"id": "26fbbc5b-7912-491a-a27b-26d4cca5da58",
	"name": "GYM",
	"values": [
		{
			"key": "baseurl",
			"value": "localhost:5000",
			"type": "default",
			"enabled": true
		},
		{
			"key": "token",
			"value": "eyJhbGciOiJIUzI1NiIsInR5cCI6IkpXVCJ9.eyJfaWQiOiI2NjE1MTQ2NGIyMDllMDc0NTM2YWM5ZDciLCJuYW1lIjoiYWRtaW4iLCJlbWFpbCI6ImFkbWluQGdtYWlsLmNvbSIsIlVzZXJUeXBlIjoxLCJpYXQiOjE3MTMxNTU3MTYsImV4cCI6MTcxMzE5ODkxNn0.RsjmXl6zMo3MTV82ZG80-jEoIxZ06nWNmAFIqx8pXA4",
			"type": "default",
			"enabled": true
		}
	],
	"_postman_variable_scope": "environment",
	"_postman_exported_at": "2024-04-17T04:40:34.593Z",
	"_postman_exported_using": "Postman/10.24.22"
}